fecha,hora,size,filename
2022-06-28,16:51:44,176765,5221716593_JOMAX_Contacto1076.ogg
2022-07-27,18:40:19,158637,5221716593_JOMAX_Contacto_1184.ogg
2022-07-28,15:26:16,213845,5221716593_JOMAX_Contacto_1234.ogg
2022-07-28,22:34:40,186653,5221716593_JOMAX_Contacto_1264.ogg
2022-07-29,01:38:15,194893,5221716593_JOMAX_Contacto_1268.ogg
2022-07-29,14:01:20,221261,5221716593_JOMAX_Contacto_1272.ogg
2022-07-29,15:32:02,195717,5221716593_JOMAX_Contacto_1276.ogg
2022-07-29,19:02:35,195305,5221716593_JOMAX_Contacto_1282.ogg
2022-07-29,22:01:13,179237,5221716593_JOMAX_Contacto_1286.ogg
2022-07-29,23:05:40,209725,5221716593_JOMAX_Contacto_1290.ogg
